{
  "colorsflyinghighatlusone": {
    "sounds": [
      {
        "name": "records/colorsflyinghighatlusone",
        "stream": true
      }
    ]
  },
  "royaldaysatlustwo": {
    "sounds": [
      {
        "name": "records/royaldaysatlustwo",
        "stream": true
      }
    ]
  },
  "wakeupgetupgetoutthereshojimegurothree": {
    "sounds": [
      {
        "name": "records/wakeupgetupgetoutthereshojimegurothree",
        "stream": true
      }
    ]
  },
  "mondstadtyupengchenfour": {
    "sounds": [
      {
        "name": "records/mondstadtyupengchenfour",
        "stream": true
      }
    ]
  },
  "letsgocrimsonknightyupengchenfive": {
    "sounds": [
      {
        "name": "records/letsgocrimsonknightyupengchenfive",
        "stream": true
      }
    ]
  },
  "yougottamovefredmcdowellsix": {
    "sounds": [
      {
        "name": "records/yougottamovefredmcdowellsix",
        "stream": true
      }
    ]
  },
  "openingthemerocchenseven": {
    "sounds": [
      {
        "name": "records/openingthemerocchenseven",
        "stream": true
      }
    ]
  },
  "hidetoshisateight": {
    "sounds": [
      {
        "name": "records/hidetoshisateight",
        "stream": true
      }
    ]
  },
  "ireallywanttostayatyourhouserosawaltonnine": {
    "sounds": [
      {
        "name": "records/ireallywanttostayatyourhouserosawaltonnine",
        "stream": true
      }
    ]
  }
}