[
  {
    "title": "Colors Flying High",
    "author": "Atlus",
    "creeper-drop": true,
    "model-data": 1,
    "disc-namespace": "colorsflyinghighatlusone",
    "loot-tables": {
      "chests/ancient_city": 10,
      "chests/ancient_city_ice_box": 10,
      "chests/bastion_bridge": 50,
      "chests/bastion_hoglin_treasure": 50,
      "chests/bastion_other": 50,
      "chests/bastion_treasure": 50,
      "chests/desert_pyramid": 10,
      "chests/simple_dungeon": 10,
      "chests/end_city_treasure": 50,
      "chests/igloo_chest": 10,
      "chests/jungle_temple": 10,
      "chests/nether_bridge": 50,
      "chests/ruined_portal": 10,
      "chests/pillager_outpost": 10,
      "chests/shipwreck_map": 10,
      "chests/shipwreck_supply": 10,
      "chests/shipwreck_treasure": 10,
      "chests/stronghold_corridor": 10,
      "chests/stronghold_crossing": 10,
      "chests/underwater_ruin_big": 10,
      "chests/underwater_ruin_small": 10,
      "chests/village/village_plains_house": 10,
      "chests/village/village_savanna_house": 10,
      "chests/village/village_desert_house": 10,
      "chests/village/village_snowy_house": 10,
      "chests/village/village_taiga_house": 10,
      "chests/woodland_mansion": 10,
      "chests/abandoned_mineshaft": 10
    },
    "fragment-loot-tables": {
      "chests/ancient_city": 0,
      "chests/ancient_city_ice_box": 0,
      "chests/bastion_bridge": 0,
      "chests/bastion_hoglin_treasure": 0,
      "chests/bastion_other": 0,
      "chests/bastion_treasure": 0,
      "chests/desert_pyramid": 0,
      "chests/simple_dungeon": 0,
      "chests/end_city_treasure": 0,
      "chests/igloo_chest": 0,
      "chests/jungle_temple": 0,
      "chests/nether_bridge": 0,
      "chests/ruined_portal": 0,
      "chests/pillager_outpost": 0,
      "chests/shipwreck_map": 0,
      "chests/shipwreck_supply": 0,
      "chests/shipwreck_treasure": 0,
      "chests/stronghold_corridor": 0,
      "chests/stronghold_crossing": 0,
      "chests/underwater_ruin_big": 0,
      "chests/underwater_ruin_small": 0,
      "chests/village/village_plains_house": 0,
      "chests/village/village_savanna_house": 0,
      "chests/village/village_desert_house": 0,
      "chests/village/village_snowy_house": 0,
      "chests/village/village_taiga_house": 0,
      "chests/woodland_mansion": 0,
      "chests/abandoned_mineshaft": 0
    },
    "duration": 97,
    "lores": [
      "§c§oPersona 5 Royal Soundtrack"
    ]
  },
  {
    "title": "Royal Days",
    "author": "Atlus",
    "creeper-drop": true,
    "model-data": 2,
    "disc-namespace": "royaldaysatlustwo",
    "loot-tables": {
      "chests/ancient_city": 10,
      "chests/ancient_city_ice_box": 10,
      "chests/bastion_bridge": 50,
      "chests/bastion_hoglin_treasure": 50,
      "chests/bastion_other": 50,
      "chests/bastion_treasure": 50,
      "chests/desert_pyramid": 10,
      "chests/simple_dungeon": 10,
      "chests/end_city_treasure": 50,
      "chests/igloo_chest": 10,
      "chests/jungle_temple": 10,
      "chests/nether_bridge": 50,
      "chests/ruined_portal": 10,
      "chests/pillager_outpost": 10,
      "chests/shipwreck_map": 10,
      "chests/shipwreck_supply": 10,
      "chests/shipwreck_treasure": 10,
      "chests/stronghold_corridor": 10,
      "chests/stronghold_crossing": 10,
      "chests/underwater_ruin_big": 10,
      "chests/underwater_ruin_small": 10,
      "chests/village/village_plains_house": 10,
      "chests/village/village_savanna_house": 10,
      "chests/village/village_desert_house": 10,
      "chests/village/village_snowy_house": 10,
      "chests/village/village_taiga_house": 10,
      "chests/woodland_mansion": 10,
      "chests/abandoned_mineshaft": 10
    },
    "fragment-loot-tables": {},
    "duration": 258,
    "lores": [
      "§c§oPersona 5 Royal Soundtrack"
    ]
  },
  {
    "title": "Wake Up, Get Up, Get Out There",
    "author": "Shoji Meguro",
    "creeper-drop": true,
    "model-data": 3,
    "disc-namespace": "wakeupgetupgetoutthereshojimegurothree",
    "loot-tables": {
      "chests/ancient_city": 10,
      "chests/ancient_city_ice_box": 10,
      "chests/bastion_bridge": 50,
      "chests/bastion_hoglin_treasure": 50,
      "chests/bastion_other": 50,
      "chests/bastion_treasure": 50,
      "chests/desert_pyramid": 10,
      "chests/simple_dungeon": 10,
      "chests/end_city_treasure": 50,
      "chests/igloo_chest": 10,
      "chests/jungle_temple": 10,
      "chests/nether_bridge": 50,
      "chests/ruined_portal": 10,
      "chests/pillager_outpost": 10,
      "chests/shipwreck_map": 10,
      "chests/shipwreck_supply": 10,
      "chests/shipwreck_treasure": 10,
      "chests/stronghold_corridor": 10,
      "chests/stronghold_crossing": 10,
      "chests/underwater_ruin_big": 10,
      "chests/underwater_ruin_small": 10,
      "chests/village/village_plains_house": 10,
      "chests/village/village_savanna_house": 10,
      "chests/village/village_desert_house": 10,
      "chests/village/village_snowy_house": 10,
      "chests/village/village_taiga_house": 10,
      "chests/woodland_mansion": 10,
      "chests/abandoned_mineshaft": 10
    },
    "fragment-loot-tables": {},
    "duration": 278,
    "lores": [
      "§4§oPersona 5 Soundtrack"
    ]
  },
  {
    "title": "Mondstadt",
    "author": "Yu Peng Chen",
    "creeper-drop": true,
    "model-data": 4,
    "disc-namespace": "mondstadtyupengchenfour",
    "loot-tables": {
      "chests/ancient_city": 10,
      "chests/ancient_city_ice_box": 10,
      "chests/bastion_bridge": 50,
      "chests/bastion_hoglin_treasure": 50,
      "chests/bastion_other": 50,
      "chests/bastion_treasure": 50,
      "chests/desert_pyramid": 10,
      "chests/simple_dungeon": 10,
      "chests/end_city_treasure": 50,
      "chests/igloo_chest": 10,
      "chests/jungle_temple": 10,
      "chests/nether_bridge": 50,
      "chests/ruined_portal": 10,
      "chests/pillager_outpost": 10,
      "chests/shipwreck_map": 10,
      "chests/shipwreck_supply": 10,
      "chests/shipwreck_treasure": 10,
      "chests/stronghold_corridor": 10,
      "chests/stronghold_crossing": 10,
      "chests/underwater_ruin_big": 10,
      "chests/underwater_ruin_small": 10,
      "chests/village/village_plains_house": 10,
      "chests/village/village_savanna_house": 10,
      "chests/village/village_desert_house": 10,
      "chests/village/village_snowy_house": 10,
      "chests/village/village_taiga_house": 10,
      "chests/woodland_mansion": 10,
      "chests/abandoned_mineshaft": 10
    },
    "fragment-loot-tables": {},
    "duration": 282,
    "lores": [
      "§6§oGenshin Impact Soundtrack"
    ]
  },
  {
    "title": "Let's Go, Crimson Knight!",
    "author": "Yu Peng Chen",
    "creeper-drop": true,
    "model-data": 5,
    "disc-namespace": "letsgocrimsonknightyupengchenfive",
    "loot-tables": {
      "chests/ancient_city": 10,
      "chests/ancient_city_ice_box": 10,
      "chests/bastion_bridge": 50,
      "chests/bastion_hoglin_treasure": 50,
      "chests/bastion_other": 50,
      "chests/bastion_treasure": 50,
      "chests/desert_pyramid": 10,
      "chests/simple_dungeon": 10,
      "chests/end_city_treasure": 50,
      "chests/igloo_chest": 10,
      "chests/jungle_temple": 10,
      "chests/nether_bridge": 50,
      "chests/ruined_portal": 10,
      "chests/pillager_outpost": 10,
      "chests/shipwreck_map": 10,
      "chests/shipwreck_supply": 10,
      "chests/shipwreck_treasure": 10,
      "chests/stronghold_corridor": 10,
      "chests/stronghold_crossing": 10,
      "chests/underwater_ruin_big": 10,
      "chests/underwater_ruin_small": 10,
      "chests/village/village_plains_house": 10,
      "chests/village/village_savanna_house": 10,
      "chests/village/village_desert_house": 10,
      "chests/village/village_snowy_house": 10,
      "chests/village/village_taiga_house": 10,
      "chests/woodland_mansion": 10,
      "chests/abandoned_mineshaft": 10
    },
    "fragment-loot-tables": {},
    "duration": 94,
    "lores": [
      "§6§oGenshin Impact Soundtrack"
    ]
  },
  {
    "title": "You gotta move",
    "author": "Fred McDowell",
    "creeper-drop": true,
    "model-data": 6,
    "disc-namespace": "yougottamovefredmcdowellsix",
    "loot-tables": {
      "chests/village/village_plains_house": 100,
      "chests/village/village_savanna_house": 100,
      "chests/village/village_desert_house": 100,
      "chests/village/village_snowy_house": 100,
      "chests/village/village_taiga_house": 100,
      "chests/abandoned_mineshaft": 50
    },
    "fragment-loot-tables": {},
    "duration": 200,
    "lores": [
      "§e§o农场主的小曲~~"
    ]
  },
  {
    "title": "Opening Theme",
    "author": "Roc Chen",
    "creeper-drop": true,
    "model-data": 7,
    "disc-namespace": "openingthemerocchenseven",
    "loot-tables": {
      "chests/ancient_city": 10,
      "chests/ancient_city_ice_box": 10,
      "chests/bastion_bridge": 50,
      "chests/bastion_hoglin_treasure": 50,
      "chests/bastion_other": 50,
      "chests/bastion_treasure": 50,
      "chests/desert_pyramid": 10,
      "chests/simple_dungeon": 10,
      "chests/end_city_treasure": 50,
      "chests/igloo_chest": 10,
      "chests/jungle_temple": 10,
      "chests/nether_bridge": 50,
      "chests/ruined_portal": 10,
      "chests/pillager_outpost": 10,
      "chests/shipwreck_map": 10,
      "chests/shipwreck_supply": 10,
      "chests/shipwreck_treasure": 10,
      "chests/stronghold_corridor": 10,
      "chests/stronghold_crossing": 10,
      "chests/underwater_ruin_big": 10,
      "chests/underwater_ruin_small": 10,
      "chests/village/village_plains_house": 10,
      "chests/village/village_savanna_house": 10,
      "chests/village/village_desert_house": 10,
      "chests/village/village_snowy_house": 10,
      "chests/village/village_taiga_house": 10,
      "chests/woodland_mansion": 10,
      "chests/abandoned_mineshaft": 10
    },
    "fragment-loot-tables": {},
    "duration": 54,
    "lores": [
      "§a§oA Bite of China Soundtrack"
    ]
  },
  {
    "title": "残酷な天使のテーゼ",
    "author": "Hidetoshi Satō",
    "creeper-drop": true,
    "model-data": 8,
    "disc-namespace": "hidetoshisateight",
    "loot-tables": {
      "chests/ancient_city": 10,
      "chests/ancient_city_ice_box": 10,
      "chests/bastion_bridge": 50,
      "chests/bastion_hoglin_treasure": 50,
      "chests/bastion_other": 50,
      "chests/bastion_treasure": 50,
      "chests/desert_pyramid": 10,
      "chests/simple_dungeon": 10,
      "chests/end_city_treasure": 50,
      "chests/igloo_chest": 10,
      "chests/jungle_temple": 10,
      "chests/nether_bridge": 50,
      "chests/ruined_portal": 10,
      "chests/pillager_outpost": 10,
      "chests/shipwreck_map": 10,
      "chests/shipwreck_supply": 10,
      "chests/shipwreck_treasure": 10,
      "chests/stronghold_corridor": 10,
      "chests/stronghold_crossing": 10,
      "chests/underwater_ruin_big": 10,
      "chests/underwater_ruin_small": 10,
      "chests/village/village_plains_house": 10,
      "chests/village/village_savanna_house": 10,
      "chests/village/village_desert_house": 10,
      "chests/village/village_snowy_house": 10,
      "chests/village/village_taiga_house": 10,
      "chests/woodland_mansion": 10,
      "chests/abandoned_mineshaft": 10
    },
    "fragment-loot-tables": {},
    "duration": 246,
    "lores": [
      "§aNeon Genesis Evangelion §dSoundtrack"
    ]
  },
  {
    "title": "I Really Want to Stay at Your House",
    "author": "Rosa Walton",
    "creeper-drop": true,
    "model-data": 9,
    "disc-namespace": "ireallywanttostayatyourhouserosawaltonnine",
    "loot-tables": {
      "chests/ancient_city": 10,
      "chests/ancient_city_ice_box": 10,
      "chests/bastion_bridge": 50,
      "chests/bastion_hoglin_treasure": 50,
      "chests/bastion_other": 50,
      "chests/bastion_treasure": 50,
      "chests/desert_pyramid": 10,
      "chests/simple_dungeon": 10,
      "chests/end_city_treasure": 50,
      "chests/igloo_chest": 10,
      "chests/jungle_temple": 10,
      "chests/nether_bridge": 50,
      "chests/ruined_portal": 10,
      "chests/pillager_outpost": 10,
      "chests/shipwreck_map": 10,
      "chests/shipwreck_supply": 10,
      "chests/shipwreck_treasure": 10,
      "chests/stronghold_corridor": 10,
      "chests/stronghold_crossing": 10,
      "chests/underwater_ruin_big": 10,
      "chests/underwater_ruin_small": 10,
      "chests/village/village_plains_house": 10,
      "chests/village/village_savanna_house": 10,
      "chests/village/village_desert_house": 10,
      "chests/village/village_snowy_house": 10,
      "chests/village/village_taiga_house": 10,
      "chests/woodland_mansion": 10,
      "chests/abandoned_mineshaft": 10
    },
    "fragment-loot-tables": {},
    "duration": 247,
    "lores": [
      "§eCyberpunk 2077 Soundtrack",
      "§aCyberpunk: Edgerunners Soundtrack"
    ]
  }
]