{
  "parent": "item/generated",
  "textures": {
    "layer0": "item/disc_fragment_5"
  },
  "overrides": [
    {
      "predicate": {
        "custom_model_data": 1
      },
      "model": "item/fragment_colorsflyinghighatlusone"
    },
    {
      "predicate": {
        "custom_model_data": 2
      },
      "model": "item/fragment_royaldaysatlustwo"
    },
    {
      "predicate": {
        "custom_model_data": 3
      },
      "model": "item/fragment_wakeupgetupgetoutthereshojimegurothree"
    },
    {
      "predicate": {
        "custom_model_data": 4
      },
      "model": "item/fragment_mondstadtyupengchenfour"
    },
    {
      "predicate": {
        "custom_model_data": 5
      },
      "model": "item/fragment_letsgocrimsonknightyupengchenfive"
    },
    {
      "predicate": {
        "custom_model_data": 6
      },
      "model": "item/fragment_yougottamovefredmcdowellsix"
    },
    {
      "predicate": {
        "custom_model_data": 7
      },
      "model": "item/fragment_openingthemerocchenseven"
    },
    {
      "predicate": {
        "custom_model_data": 8
      },
      "model": "item/fragment_hidetoshisateight"
    },
    {
      "predicate": {
        "custom_model_data": 9
      },
      "model": "item/fragment_ireallywanttostayatyourhouserosawaltonnine"
    }
  ]
}