{
  "parent": "item/generated",
  "textures": {
    "layer0": "item/music_disc_11"
  },
  "overrides": [
    {
      "predicate": {
        "custom_model_data": 1
      },
      "model": "item/music_disc_colorsflyinghighatlusone"
    },
    {
      "predicate": {
        "custom_model_data": 2
      },
      "model": "item/music_disc_royaldaysatlustwo"
    },
    {
      "predicate": {
        "custom_model_data": 3
      },
      "model": "item/music_disc_wakeupgetupgetoutthereshojimegurothree"
    },
    {
      "predicate": {
        "custom_model_data": 4
      },
      "model": "item/music_disc_mondstadtyupengchenfour"
    },
    {
      "predicate": {
        "custom_model_data": 5
      },
      "model": "item/music_disc_letsgocrimsonknightyupengchenfive"
    },
    {
      "predicate": {
        "custom_model_data": 6
      },
      "model": "item/music_disc_yougottamovefredmcdowellsix"
    },
    {
      "predicate": {
        "custom_model_data": 7
      },
      "model": "item/music_disc_openingthemerocchenseven"
    },
    {
      "predicate": {
        "custom_model_data": 8
      },
      "model": "item/music_disc_hidetoshisateight"
    },
    {
      "predicate": {
        "custom_model_data": 9
      },
      "model": "item/music_disc_ireallywanttostayatyourhouserosawaltonnine"
    }
  ]
}